fnk2077;devops-go-example;fnk2077/devops-go-example;.github/workflows/cicd.yml;sonar;true
alphagov;govuk-mobile-ios-homepage;alphagov/govuk-mobile-ios-homepage;.github/workflows/pull_request.yaml;sonar;true
tapdata;tapdata;tapdata/tapdata;.github/workflows/mr-ci.yaml;sonar;true
ProcessMaker;modeler;ProcessMaker/modeler;.github/workflows/ci.yml;sonar;true
chef;chef-vault;chef/chef-vault;.github/workflows/sonarqube.yml;sonar;true
jeff-winn;homebridge-automower-platform;jeff-winn/homebridge-automower-platform;.github/workflows/sonarcloud.yml;sonar;true
aemson;gradle-ci-cd-demo;aemson/gradle-ci-cd-demo;.github/workflows/sonarqube.yml-no;sonar;true
zxkane;snat;zxkane/snat;.github/workflows/sonar-check.yml;sonar;true
steadybit;extension-kit;steadybit/extension-kit;.github/workflows/reusable-extension-ci.yml;sonar;true
BitPatty;race-announcer-bot;BitPatty/race-announcer-bot;.github/workflows/workflow.yml;sonar;true
govuk-one-login;mobile-ios-secure-store;govuk-one-login/mobile-ios-secure-store;.github/workflows/pull-request.yml;sonar;true
nslhb;JavaMavenTestRepo;nslhb/JavaMavenTestRepo;.github/workflows/post-pr-merger-workflow.yaml;sonar;true
BeyondTrust;terraform-provider-passwordsafe;BeyondTrust/terraform-provider-passwordsafe;.github/workflows/release.yml;sonar;true
RS-PYTHON;rs-server;RS-PYTHON/rs-server;.github/workflows/check-code-quality.yml;sonar;true
FabianoCarneiro;Devops-Fiap;FabianoCarneiro/Devops-Fiap;.github/workflows/heroku_deployment.yml;sonar;true
bsol-oss;react-datatable;bsol-oss/react-datatable;.github/workflows/main.yml;sonar;true
cloudblue;lib-rql;cloudblue/lib-rql;.github/workflows/build.yml;sonar;true
govuk-one-login;performance-testing;govuk-one-login/performance-testing;.github/workflows/koa-stub-pr.yaml;sonar;true
lucasmsa;hiit-maker;lucasmsa/hiit-maker;.github/workflows/github-actions.js.yml;sonar;true
twit2;svc-posts;twit2/svc-posts;.github/workflows/node.js.yml;sonar;true
RedHatProductSecurity;trestle-bot;RedHatProductSecurity/trestle-bot;.github/workflows/codecov.yml;sonar;true
bruschin;listem3u;bruschin/listem3u;.github/workflows/listem3u_steps.yml;sonar;true
yassir78;spring-github-actions-demo;yassir78/spring-github-actions-demo;.github/workflows/docker-image.yml;sonar;true
CAScompany;project-OrderService;CAScompany/project-OrderService;.github/workflows/orderserviceOK;sonar;true
entee28;minimal-express;entee28/minimal-express;.github/workflows/build.yml;sonar;true
sonar-example-repos;python-pytest-coverage;sonar-example-repos/python-pytest-coverage;.github/workflows/build.yml;sonar;true
digitalservicebund;kotlin-application-template;digitalservicebund/kotlin-application-template;.github/workflows/pipeline.yml;sonar;true
robtimus;sftp-fs;robtimus/sftp-fs;.github/workflows/sonarcloud.yml;sonar;true
Rabindra20;git_domain;Rabindra20/git_domain;.github/workflows/docker-image.yml;sonar;true
adobe;bridgeService;adobe/bridgeService;.github/workflows/maven-pr-analyze.yml;sonar;true
skitsanos;default-dashboard;skitsanos/default-dashboard;.github/workflows/sonar.yml;sonar;true
devxb;javaNote;devxb/javaNote;.github/workflows/sonar-quality-gate.yml;sonar;true
robtimus;obfuscation-annotations;robtimus/obfuscation-annotations;.github/workflows/sonarcloud.yml;sonar;true
wednesday-solutions;react-native-template;wednesday-solutions/react-native-template;.github/workflows/build.yml;sonar;true
awslabs;clickstream-analytics-on-aws;awslabs/clickstream-analytics-on-aws;.github/workflows/dist-scan.yml;sonar;true
triniha;main;triniha/main;.github/workflows/build.yml;sonar;true
jinlin270;disk-cleaner;jinlin270/disk-cleaner;.github/workflows/build.yml;sonar;true
CristinaPicazo;challenge-devops-innotech;CristinaPicazo/challenge-devops-innotech;.github/workflows/workflow_challenge.yml;sonar;true
AssNiang;o2a-frontend;AssNiang/o2a-frontend;.github/workflows/pipeline.yml;sonar;true
Dechea;ORC_Workflows;Dechea/ORC_Workflows;.github/workflows/continuousDeploymentFauna.yml;sonar;true
sapphiredev;framework;sapphiredev/framework;.github/workflows/continuous-integration.yml;sonar;true
SOAT-01;produtos-app;SOAT-01/produtos-app;.github/workflows/sonarqube.yml;sonar;true
amalgamaco;http-api-client;amalgamaco/http-api-client;.github/workflows/ci.yml;sonar;true
rapharw;template-fastify-api;rapharw/template-fastify-api;.github/workflows/nodejs-main.yml;sonar;true
murilonerdx;library-api;murilonerdx/library-api;.github/workflows/sonarqube-quality-gate-check.yml;sonar;true
wpengine;atlas-shopify-blueprint;wpengine/atlas-shopify-blueprint;.github/workflows/main.yml;sonar;true
candidosouza;fc_admin_codeflix_python;candidosouza/fc_admin_codeflix_python;.github/workflows/ci_sonarcloud.txt;sonar;true
CAScompany;project-PaymentService;CAScompany/project-PaymentService;.github/workflows/paymentserviceOK;sonar;true
wpengine;faust-scaffold;wpengine/faust-scaffold;.github/workflows/sonar.yml;sonar;true
alvarocavalcanti;bc-acm-to-acf;alvarocavalcanti/bc-acm-to-acf;.github/workflows/main.yml;sonar;true
bieli;FreeItLessons;bieli/FreeItLessons;.github/workflows/sonarqube-quality-check.yaml__TO_UPGRADE;sonar;true
Cristian-BFMV;ReactCI-CD;Cristian-BFMV/ReactCI-CD;.github/workflows/cicd.yml;sonar;true
digitalservicebund;ris-backend-service;digitalservicebund/ris-backend-service;.github/workflows/pipeline.yml;sonar;true
chef;chef-apply;chef/chef-apply;.github/workflows/sonarqube.yml;sonar;true
twit2;frontend;twit2/frontend;.github/workflows/node.js.yml;sonar;true
MantasLengvinas;EBS;MantasLengvinas/EBS;.github/workflows/main.yml;sonar;true
RoCremer;nightfall-explorer;RoCremer/nightfall-explorer;.github/workflows/sonar-qube.yml;sonar;true
alangdcdevop;gradle_example_app;alangdcdevop/gradle_example_app;.github/workflows/build.yml;sonar;true
robtimus;php-multipart;robtimus/php-multipart;.github/workflows/sonarcloud.yml;sonar;true
rpaidalwar;q;rpaidalwar/q;.github/workflows/main.yml;sonar;true
gastonbarbaccia;devsecops-simple-cicd;gastonbarbaccia/devsecops-simple-cicd;.github/workflows/main.yml;sonar;true
Tu-Varna-2019;chatapp-server;Tu-Varna-2019/chatapp-server;.github/workflows/sonarqube.yaml;sonar;true
marcosvieirajr;go-multi-tier-microservices;marcosvieirajr/go-multi-tier-microservices;.github/workflows/ci.yml;sonar;true
joe-tingsanchali-sonarsource;python-coverage;joe-tingsanchali-sonarsource/python-coverage;.github/workflows/build.yml;sonar;true
wpengine;wp-graphql-content-blocks;wpengine/wp-graphql-content-blocks;.github/workflows/sonar.yml;sonar;true
lgustavopalmieri;restaurant-api;lgustavopalmieri/restaurant-api;.github/workflows/ci.yaml;sonar;true
paologaleotti;blaze;paologaleotti/blaze;.github/workflows/sonarcloud.yml;sonar;true
twit2;svc-auth;twit2/svc-auth;.github/workflows/node.js.yml;sonar;true
govuk-one-login;mobile-ios-networking;govuk-one-login/mobile-ios-networking;.github/workflows/pull-request.yml;sonar;true
yash-shah-tot;github-actions-go;yash-shah-tot/github-actions-go;.github/workflows/main.yml;sonar;true
aleunfor;UnforGif;aleunfor/UnforGif;.github/workflows/node.js.yml;sonar;true
YuQuang;AimmalabWebsite;YuQuang/AimmalabWebsite;.github/workflows/build-image.yml;sonar;true
robtimus;obfuscation-spring;robtimus/obfuscation-spring;.github/workflows/sonarcloud.yml;sonar;true
dtcenter;MET;dtcenter/MET;.github/workflows/sonarqube.yml;sonar;true
wednesday-solutions;flutter_template;wednesday-solutions/flutter_template;.github/workflows/ci.yml;sonar;true
sivatheja70;check-ci;sivatheja70/check-ci;.github/workflows/sonar.yaml;sonar;true
joshjohanning-org;sonarqube-test;joshjohanning-org/sonarqube-test;.github/workflows/ci-cd.yml;sonar;true
Olimpotibia;SVN_Test;Olimpotibia/SVN_Test;.github/workflows/analysis-sonarcloud.yml;sonar;true
MGuillaumeF;cpp-coso;MGuillaumeF/cpp-coso;.github/workflows/default.yml;sonar;true
amalabey;security-integration-demo;amalabey/security-integration-demo;.github/workflows/code-analysis.yml;sonar;true
chengjoey;erda-go-web-deploy-example;chengjoey/erda-go-web-deploy-example;.github/workflows/sonar.yaml;sonar;true
injinity;docker-test-app;injinity/docker-test-app;.github/workflows/sonarqube.yml;sonar;true
dtcenter;METviewer;dtcenter/METviewer;.github/workflows/sonarqube.yml;sonar;true
cloudblue;connect-extension-boomi;cloudblue/connect-extension-boomi;.github/workflows/build.yml;sonar;true
StephanePaulus;gradle-micronaut-application;StephanePaulus/gradle-micronaut-application;.github/workflows/gradle.yml;sonar;true
leozw;poc-opentelemetry-python;leozw/poc-opentelemetry-python;.github/workflows/docker-image.yml;sonar;true
MENDEL-BA;cicdbackend;MENDEL-BA/cicdbackend;.github/workflows/main.yml;sonar;true
John-Clifton-SonarSource;limited-prime-sieve-sq;John-Clifton-SonarSource/limited-prime-sieve-sq;.github/workflows/build.yml;sonar;true
UCB-TallerDeDesarrollo;TDDLab;UCB-TallerDeDesarrollo/TDDLab;.github/workflows/sonarcloud.yml;sonar;true
AlexanderStecknitz;iDepot;AlexanderStecknitz/iDepot;.github/workflows/backend-workflow.yml;sonar;true
itmagix;ehbs;itmagix/ehbs;.github/workflows/python-helloworld.yml;sonar;true
AY2324-IFS4205-T1;DRCKBankingSystem;AY2324-IFS4205-T1/DRCKBankingSystem;.github/workflows/build.yml;sonar;true
kokosikbol;gg;kokosikbol/gg;.github/workflows/analysis-sonarcloud.yml;sonar;true
wednesday-solutions;node-express-graphql-template;wednesday-solutions/node-express-graphql-template;.github/workflows/ci.yml;sonar;true
govuk-one-login;mobile-ios-one-login-app;govuk-one-login/mobile-ios-one-login-app;.github/workflows/pull-request.yml;sonar;true
robtimus;ip-utils;robtimus/ip-utils;.github/workflows/sonarcloud.yml;sonar;true
r-argentina-programa;robotina;r-argentina-programa/robotina;.github/workflows/main.yml;sonar;true
tistech0;GoTime;tistech0/GoTime;.github/workflows/main.yml;sonar;true
wzslr321;artiver;wzslr321/artiver;.github/workflows/go.yml;sonar;true
dtcenter;METplus;dtcenter/METplus;.github/workflows/sonarqube.yml;sonar;true
chef;chef-workstation;chef/chef-workstation;.github/workflows/sonarqube.yml;sonar;true
chef;cookbook-omnifetch;chef/cookbook-omnifetch;.github/workflows/sonarqube.yml;sonar;true
chef;chef-analyze;chef/chef-analyze;.github/workflows/sonarqube.yml;sonar;true
robtimus;ftp-fs;robtimus/ftp-fs;.github/workflows/sonarcloud.yml;sonar;true
robtimus;memory-fs;robtimus/memory-fs;.github/workflows/sonarcloud.yml;sonar;true
robtimus;obfuscation-xml;robtimus/obfuscation-xml;.github/workflows/sonarcloud.yml;sonar;true
robtimus;fs-core;robtimus/fs-core;.github/workflows/sonarcloud.yml;sonar;true
robtimus;servlet-utils;robtimus/servlet-utils;.github/workflows/sonarcloud.yml;sonar;true
SOAT-01;clientes-app;SOAT-01/clientes-app;.github/workflows/sonarqube.yml;sonar;true
stove;any-shop;stove/any-shop;.github/workflows/main.yml;sonar;true
wpengine;faust-scaffold-ts;wpengine/faust-scaffold-ts;.github/workflows/sonar.yml;sonar;true
tuanfront-end;ncmaz-faust-scaffold-ts;tuanfront-end/ncmaz-faust-scaffold-ts;.github/workflows/sonar.yml;sonar;true
chef;chef-cli;chef/chef-cli;.github/workflows/sonarqube.yml;sonar;true
chef;chef-workstation-app;chef/chef-workstation-app;.github/workflows/sonarqube.yml;sonar;true
robtimus;ip-validation;robtimus/ip-validation;.github/workflows/sonarcloud.yml;sonar;true
govuk-one-login;mobile-android-logging;govuk-one-login/mobile-android-logging;.github/workflows/on_pull_request.yml;sonar;true
cloudblue;django-cqrs;cloudblue/django-cqrs;.github/workflows/build.yml;sonar;true
govuk-one-login;mobile-ios-common;govuk-one-login/mobile-ios-common;.github/workflows/pull-request.yml;sonar;true
rogercc4;person-api;rogercc4/person-api;.github/workflows/maven.yml;sonar;true
Tu-Varna-2019;geo-server;Tu-Varna-2019/geo-server;.github/workflows/sonarqube.yaml;sonar;true
chef;omnitruck-service;chef/omnitruck-service;.github/workflows/sonarqube.yml;sonar;true
finol-digital;Card-Game-Simulator;finol-digital/Card-Game-Simulator;.github/workflows/main.yml;sonar;true
wednesday-solutions;next-bulletproof-ts;wednesday-solutions/next-bulletproof-ts;.github/workflows/ci.yml;sonar;true
Nichi-In-Dev-Dept-1;telenet_hinanjo_web_fe_nextjs;Nichi-In-Dev-Dept-1/telenet_hinanjo_web_fe_nextjs;.github/workflows/check.yml;sonar;true
shirocola;devops-go-example;shirocola/devops-go-example;.github/workflows/cicd.yml;sonar;true
robtimus;try-parse;robtimus/try-parse;.github/workflows/sonarcloud.yml;sonar;true
wuan;scan-pdf;wuan/scan-pdf;.github/workflows/build.yml;sonar;true
NUWCDIVNPT;stig-manager-client-modules;NUWCDIVNPT/stig-manager-client-modules;.github/workflows/unit-testing.yml;sonar;true
HapoDivOne;laravel-10-scaffold;HapoDivOne/laravel-10-scaffold;.github/workflows/laravel.yml;sonar;true
govuk-one-login;mobile-ios-coordination;govuk-one-login/mobile-ios-coordination;.github/workflows/pull-request.yml;sonar;true
amalgamaco;embassy-ui;amalgamaco/embassy-ui;.github/workflows/ci.yml;sonar;true
twit2;svc-msg;twit2/svc-msg;.github/workflows/node.js.yml;sonar;true
theoriok;adventofcode;theoriok/adventofcode;.github/workflows/gradle.yml;sonar;true
cloudblue;connect-cli;cloudblue/connect-cli;.github/workflows/build.yml;sonar;true
hanqqv;devops-go-example;hanqqv/devops-go-example;.github/workflows/cicd.yml;sonar;true
simao-silva;noip-renewer;simao-silva/noip-renewer;.github/workflows/sonarqube.yml;sonar;true
cap-dcwiz;Karez;cap-dcwiz/Karez;.github/workflows/security-scanning.yml;sonar;true
FS-Ganesh;Sonarqubescan;FS-Ganesh/Sonarqubescan;.github/workflows/sonarqube.yml;sonar;true
ApplicationPublic-GHAS;Kamlesh_Java_Code;ApplicationPublic-GHAS/Kamlesh_Java_Code;.github/workflows/build.yml;sonar;true
sakanokoh;todos;sakanokoh/todos;.github/workflows/build.yml;sonar;true
RS-PYTHON;rs-client-libraries;RS-PYTHON/rs-client-libraries;.github/workflows/check-code-quality.yml;sonar;true
Dywaris;MSPR_KAWA_API_ERP;Dywaris/MSPR_KAWA_API_ERP;.github/workflows/main.yml;sonar;true
fshubio;fshub-sdk-php;fshubio/fshub-sdk-php;.github/workflows/build.yml;sonar;true
amalgamaco;mobx-form;amalgamaco/mobx-form;.github/workflows/ci.yml;sonar;true
govuk-one-login;mobile-ios-authentication;govuk-one-login/mobile-ios-authentication;.github/workflows/pull-request.yml;sonar;true
twit2;svc-users;twit2/svc-users;.github/workflows/node.js.yml;sonar;true
MGuillaumeF;hangman-game;MGuillaumeF/hangman-game;.github/workflows/default.yml;sonar;true
digitalservicebund;java-application-template;digitalservicebund/java-application-template;.github/workflows/pipeline.yml;sonar;true
acornworks-education;ci-project-strategy;acornworks-education/ci-project-strategy;.github/workflows/build-and-test.yaml;sonar;true
vinodbabuboddukuri;Try-actions;vinodbabuboddukuri/Try-actions;.github/workflows/build.yml;sonar;true
Sunagatov;Iced-Latte-Frontend;Sunagatov/Iced-Latte-Frontend;.github/workflows/dev-branch-pr-build-and-test-pipeline.yaml;sonar;true
JinnnDamanee;devop-go-example;JinnnDamanee/devop-go-example;.github/workflows/cicd.yml;sonar;true
EltonARodrigues;fiap-tech-challenge-soat-producao;EltonARodrigues/fiap-tech-challenge-soat-producao;.github/workflows/test_pr.yaml;sonar;true
HUB-Live;pipelines;HUB-Live/pipelines;.github/workflows/b-ci-pipeline-test.yaml;sonar;true
gabrielmendessilva;fiap-tech-challenge-soat-ms-produto;gabrielmendessilva/fiap-tech-challenge-soat-ms-produto;.github/workflows/test_pr.yaml;sonar;true
NibiruChain;ts-sdk;NibiruChain/ts-sdk;.github/workflows/test-ts-sdk.yaml;sonar;true
oscal-compass;compliance-trestle;oscal-compass/compliance-trestle;.github/workflows/python-test.yml;sonar;true
oscal-compass;compliance-trestle-fedramp;oscal-compass/compliance-trestle-fedramp;.github/workflows/python-test.yml;sonar;true
NUWCDIVNPT;stig-manager;NUWCDIVNPT/stig-manager;.github/workflows/api-audit-test-coverage-response.yml;sonar;true
Learning-Something;fastapi-sqlalchemy-mariadb;Learning-Something/fastapi-sqlalchemy-mariadb;.github/workflows/tests_and_sonar.yml;sonar;true
LightInn;TradingPlace;LightInn/TradingPlace;.github/workflows/build-test.yml;sonar;true
luksamuk;majestic-refactored;luksamuk/majestic-refactored;.github/workflows/tests.yml;sonar;true
cloudblue;django-rql;cloudblue/django-rql;.github/workflows/build.yml;sonar;true
govuk-one-login;mobile-ios-logging;govuk-one-login/mobile-ios-logging;.github/workflows/pull-request.yml;sonar;true
jeff-winn;homebridge-veml7700-sensor;jeff-winn/homebridge-veml7700-sensor;.github/workflows/sonarcloud.yml;sonar;true
nuvla;subs-notifs;nuvla/subs-notifs;.github/workflows/main.yml;sonar;true
softwareone-platform;swo-adobe-vipm-extension;softwareone-platform/swo-adobe-vipm-extension;.github/workflows/pr-build-merge.yml;sonar;true
steadybit;extension-jvm;steadybit/extension-jvm;.github/workflows/ci.yml;sonar;true
adobe;phased-testing;adobe/phased-testing;.github/workflows/maven-pr-analyze.yml;sonar;true
deltaHotelNine-Security-Demos;_demo_webGoat_SonarQube;deltaHotelNine-Security-Demos/_demo_webGoat_SonarQube;.github/workflows/sonarqube.yml;sonar;true
robtimus;connect-sdk-java-spring-boot-starter;robtimus/connect-sdk-java-spring-boot-starter;.github/workflows/sonarcloud.yml;sonar;true
Gitong23;MyGitHubActions;Gitong23/MyGitHubActions;.github/workflows/cicd.yml;sonar;true
cap-dcwiz;Tiro;cap-dcwiz/Tiro;.github/workflows/security-scanning.yml;sonar;true
amalabey;security-integrated-ga;amalabey/security-integrated-ga;.github/workflows/code-analysis.yml;sonar;true
napalicorp;security-integration-demo;napalicorp/security-integration-demo;.github/workflows/code-analysis.yml;sonar;true
henriquecampaner;spotify-clone;henriquecampaner/spotify-clone;.github/workflows/check.yaml;sonar;true
MSPR-Dev-Appli-IA;api;MSPR-Dev-Appli-IA/api;.github/workflows/NodeJS-STAGE-CI.yml;sonar;true
ayushshakya04;e-commerce_golang;ayushshakya04/e-commerce_golang;.github/workflows/build.yml.yml;sonar;true
Prachi-Aswal;actions-git;Prachi-Aswal/actions-git;.github/workflows/maven.yml;sonar;true
cloudblue;django-mongoengine-rql;cloudblue/django-mongoengine-rql;.github/workflows/build.yml;sonar;true
F-Code-Club;fe-rode-f-code.tech;F-Code-Club/fe-rode-f-code.tech;.github/workflows/main.yml;sonar;true
dtcenter;METcalcpy;dtcenter/METcalcpy;.github/workflows/sonarqube.yml;sonar;true
robtimus;i18n-maven-plugin;robtimus/i18n-maven-plugin;.github/workflows/sonarcloud.yml;sonar;true
robtimus;windows-registry;robtimus/windows-registry;.github/workflows/sonarcloud.yml;sonar;true
robtimus;obfuscation-http;robtimus/obfuscation-http;.github/workflows/sonarcloud.yml;sonar;true
sarunm;devops-go;sarunm/devops-go;.github/workflows/cicd.yml;sonar;true
judebantony;cicd-github-action-example;judebantony/cicd-github-action-example;.github/workflows/workflow.yml;sonar;true
cloudblue;connect-python-openapi-client;cloudblue/connect-python-openapi-client;.github/workflows/build.yml;sonar;true
robtimus;obfuscation-json;robtimus/obfuscation-json;.github/workflows/sonarcloud.yml;sonar;true
Dywaris;MSPR_KAWA_API_ERP;Dywaris/MSPR_KAWA_API_ERP;.github/workflows/publish.yml;sonar;true
cloudblue;connect-ui-toolkit;cloudblue/connect-ui-toolkit;.github/workflows/build.yml;sonar;true
thefirsthero;flutter_template;thefirsthero/flutter_template;.github/workflows/ci.yml;sonar;true
MSPR-Dev-Appli-IA;api;MSPR-Dev-Appli-IA/api;.github/workflows/NodeJS-DEV-CI.yml;sonar;true
cloudblue;django-postgresql-reconnect;cloudblue/django-postgresql-reconnect;.github/workflows/build.yml;sonar;true
Mester-Ulquiorra;bot;Mester-Ulquiorra/bot;.github/workflows/sonarqube.yml;sonar;true
Sunagatov;Iced-Latte;Sunagatov/Iced-Latte;.github/workflows/dev-branch-pr-build-and-test-pipeline.yaml;sonar;true
For-Hives;my-makeup;For-Hives/my-makeup;.github/workflows/build-test.yml;sonar;true
tegataiprime;iracing-client;tegataiprime/iracing-client;.github/workflows/test-suite.yaml;sonar;true
cloudblue;connect-fulfillment-zapier-app;cloudblue/connect-fulfillment-zapier-app;.github/workflows/test.yml;sonar;true
cd-rite;stig-manager-test;cd-rite/stig-manager-test;.github/workflows/api-audit-test-coverage-response.yml;sonar;true
LightInn;TradingPlaceAPI;LightInn/TradingPlaceAPI;.github/workflows/build-test.yml;sonar;true
dtcenter;METplotpy;dtcenter/METplotpy;.github/workflows/sonarqube.yml;sonar;true
dtcenter;METdataio;dtcenter/METdataio;.github/workflows/sonarqube.yml;sonar;true
judebantony;release_workflow_example;judebantony/release_workflow_example;.github/workflows/workflow.yml;sonar;true
robtimus;obfuscation-core;robtimus/obfuscation-core;.github/workflows/sonarcloud.yml;sonar;true
robtimus;obfuscation-jackson;robtimus/obfuscation-jackson;.github/workflows/sonarcloud.yml;sonar;true
SirYwell;spoon;SirYwell/spoon;.github/workflows/qodana.yml;qodana;true
MartinWitt;spoon;MartinWitt/spoon;.github/workflows/qodana.yml;qodana;true
DeepSourceCorp;spoon;DeepSourceCorp/spoon;.github/workflows/qodana.yml;qodana;true
Luro02;spoon;Luro02/spoon;.github/workflows/qodana.yml;qodana;true
yogyagamage;spoon;yogyagamage/spoon;.github/workflows/qodana.yml;qodana;true
joelmo;spoon;joelmo/spoon;.github/workflows/tests.yml;qodana;true
tiulpin;get-unipa;tiulpin/get-unipa;.github/workflows/qodona-and-docs.yml;qodana;true
danielbobbert;spoon;danielbobbert/spoon;.github/workflows/tests.yml;qodana;true
OlivierCavadenti;spoon;OlivierCavadenti/spoon;.github/workflows/tests.yml;qodana;true
StaticAnalysisTools;spoon;StaticAnalysisTools/spoon;.github/workflows/tests.yml;qodana;true
henryhchchc;spoon;henryhchchc/spoon;.github/workflows/qodana.yml;qodana;true
LuKrO2011;spoon;LuKrO2011/spoon;.github/workflows/qodana.yml;qodana;true
alcides;spoon;alcides/spoon;.github/workflows/qodana.yml;qodana;true
hoc081098;MVI-Coroutines-Flow;hoc081098/MVI-Coroutines-Flow;.github/workflows/qodana.yml;qodana;true
HugoTealeaf;Tealeaf-MVI-Coroutines-Flow;HugoTealeaf/Tealeaf-MVI-Coroutines-Flow;.github/workflows/qodana.yml;qodana;true
algomaster99;spoon;algomaster99/spoon;.github/workflows/qodana.yml;qodana;true
intrigus-lgtm;spoon;intrigus-lgtm/spoon;.github/workflows/qodana.yml;qodana;true
tiwadara;MVI-Coroutines-Flow;tiwadara/MVI-Coroutines-Flow;.github/workflows/qodana.yml;qodana;true
ToniNgethe;MVI-Coroutines-Flow;ToniNgethe/MVI-Coroutines-Flow;.github/workflows/qodana.yml;qodana;true
viva64;spoon;viva64/spoon;.github/workflows/qodana.yml;qodana;true
dandycheung;spoon;dandycheung/spoon;.github/workflows/tests.yml;qodana;true
dqtools;spoon;dqtools/spoon;.github/workflows/tests.yml;qodana;true
arsenkhy;spoon;arsenkhy/spoon;.github/workflows/tests.yml;qodana;true
intrigus-lgtm-test-organization;spoon;intrigus-lgtm-test-organization/spoon;.github/workflows/tests.yml;qodana;true
obourgain;spoon;obourgain/spoon;.github/workflows/tests.yml;qodana;true
meslubi2021;spoon;meslubi2021/spoon;.github/workflows/qodana.yml;qodana;true
PDG4J;spoon;PDG4J/spoon;.github/workflows/qodana.yml;qodana;true
duckback45;spoon;duckback45/spoon;.github/workflows/qodana.yml;qodana;true
Feuermagier;spoon;Feuermagier/spoon;.github/workflows/qodana.yml;qodana;true
isabella232;MVI-Coroutines-Flow;isabella232/MVI-Coroutines-Flow;.github/workflows/qodana.yml;qodana;true
turrisxyz;spoon;turrisxyz/spoon;.github/workflows/tests.yml;qodana;true
bolu61;spoon;bolu61/spoon;.github/workflows/tests.yml;qodana;true
ceki;spoon;ceki/spoon;.github/workflows/tests.yml;qodana;true
